9,0.0,0.0,0.0,0.0,0.0,0.0,0.0,0.0,0.0,0.0,0.0,0.0,0.5171875,0.9125,0.5484375,0.975,0.5484375,0.9520833333333333,0.5546875,0.96875,0.571875,0.8708333333333333,0.55,0.9791666666666666,0.54375,0.9520833333333333,0.5203125,0.9479166666666666,0.5265625,0.95625,0.5296875,0.95
9,0.0,0.0,0.0,0.0,0.5171875,0.9125,0.5484375,0.975,0.5484375,0.9520833333333333,0.5546875,0.96875,0.571875,0.8708333333333333,0.55,0.9791666666666666,0.54375,0.9520833333333333,0.5203125,0.9479166666666666,0.5265625,0.95625,0.5296875,0.95,0.5453125,0.9375,0.5484375,0.93125,0.553125,0.94375,0.5484375,0.9583333333333334
9,0.0,0.0,0.03125,0.0625,0.03125,0.03958333333333333,0.0375,0.05625,0.0546875,-0.041666666666666664,0.0328125,0.06666666666666667,0.0265625,0.03958333333333333,0.003125,0.035416666666666666,0.009375,0.04375,0.0125,0.0375,0.028125,0.025,0.03125,0.01875,0.0359375,0.03125,0.03125,0.04583333333333333,0.0171875,0.041666666666666664,0.0171875,0.05
9,0.0,0.0,-0.0234375,-0.004166666666666667,-0.0171875,0.004166666666666667,-0.0140625,-0.0020833333333333333,0.0015625,-0.014583333333333334,0.0046875,-0.020833333333333332,0.009375,-0.008333333333333333,0.0046875,0.00625,-0.009375,0.0020833333333333333,-0.009375,0.010416666666666666,-0.0296875,-0.022916666666666665,0.0,-0.0020833333333333333,-0.0421875,-0.10208333333333333,-0.0828125,-0.13958333333333334,-0.0546875,-0.12916666666666668,-0.059375,-0.125
9,0.0,0.0,0.00625,0.008333333333333333,0.009375,0.0020833333333333333,0.025,-0.010416666666666666,0.028125,-0.016666666666666666,0.0328125,-0.004166666666666667,0.028125,0.010416666666666666,0.0140625,0.00625,0.0140625,0.014583333333333334,-0.00625,-0.01875,0.0234375,0.0020833333333333333,-0.01875,-0.09791666666666667,-0.059375,-0.13541666666666666,-0.03125,-0.125,-0.0359375,-0.12083333333333333,-0.0703125,-0.15625
9,0.0,0.0,0.003125,-0.00625,0.01875,-0.01875,0.021875,-0.025,0.0265625,-0.0125,0.021875,0.0020833333333333333,0.0078125,-0.0020833333333333333,0.0078125,0.00625,-0.0125,-0.027083333333333334,0.0171875,-0.00625,-0.025,-0.10625,-0.065625,-0.14375,-0.0375,-0.13333333333333333,-0.0421875,-0.12916666666666668,-0.0765625,-0.16458333333333333,-0.0484375,-0.13333333333333333
9,0.0,0.0,0.015625,-0.0125,0.01875,-0.01875,0.0234375,-0.00625,0.01875,0.008333333333333333,0.0046875,0.004166666666666667,0.0046875,0.0125,-0.015625,-0.020833333333333332,0.0140625,0.0,-0.028125,-0.1,-0.06875,-0.1375,-0.040625,-0.12708333333333333,-0.0453125,-0.12291666666666666,-0.0796875,-0.15833333333333333,-0.0515625,-0.12708333333333333,-0.0484375,-0.016666666666666666
9,0.0,0.0,0.003125,-0.00625,0.0078125,0.00625,0.003125,0.020833333333333332,-0.0109375,0.016666666666666666,-0.0109375,0.025,-0.03125,-0.008333333333333333,-0.0015625,0.0125,-0.04375,-0.0875,-0.084375,-0.125,-0.05625,-0.11458333333333333,-0.0609375,-0.11041666666666666,-0.0953125,-0.14583333333333334,-0.0671875,-0.11458333333333333,-0.0640625,-0.004166666666666667,-0.096875,-0.14375
9,0.0,0.0,0.0046875,0.0125,0.0,0.027083333333333334,-0.0140625,0.022916666666666665,-0.0140625,0.03125,-0.034375,-0.0020833333333333333,-0.0046875,0.01875,-0.046875,-0.08125,-0.0875,-0.11875,-0.059375,-0.10833333333333334,-0.0640625,-0.10416666666666667,-0.0984375,-0.13958333333333334,-0.0703125,-0.10833333333333334,-0.0671875,0.0020833333333333333,-0.1,-0.1375,-0.1359375,-0.010416666666666666
25,0.0,0.0,0.4828125,0.25416666666666665,0.4484375,0.18333333333333332,0.4328125,0.12916666666666668,0.4109375,0.125,0.40625,0.13333333333333333,0.4125,0.175,0.421875,0.2,0.4421875,0.25833333333333336,0.4484375,0.25625,0.45625,0.3229166666666667,0.46875,0.29583333333333334,0.465625,0.29375,0.4625,0.29791666666666666,0.4625,0.29791666666666666,0.4609375,0.3020833333333333
25,0.0,0.0,-0.021875,-0.004166666666666667,-0.0265625,0.004166666666666667,-0.0203125,0.04583333333333333,-0.0109375,0.07083333333333333,0.009375,0.12916666666666668,0.015625,0.12708333333333333,0.0234375,0.19375,0.0359375,0.16666666666666666,0.0328125,0.16458333333333333,0.0296875,0.16875,0.0296875,0.16875,0.028125,0.17291666666666666,0.03125,0.17708333333333334,0.0390625,0.175,0.0953125,0.17083333333333334
25,0.0,0.0,0.00625,0.041666666666666664,0.015625,0.06666666666666667,0.0359375,0.125,0.0421875,0.12291666666666666,0.05,0.18958333333333333,0.0625,0.1625,0.059375,0.16041666666666668,0.05625,0.16458333333333333,0.05625,0.16458333333333333,0.0546875,0.16875,0.0578125,0.17291666666666666,0.065625,0.17083333333333334,0.121875,0.16666666666666666,0.153125,0.16041666666666668,0.1953125,0.16458333333333333
25,0.0,0.0,0.0203125,0.058333333333333334,0.0265625,0.05625,0.034375,0.12291666666666666,0.046875,0.09583333333333334,0.04375,0.09375,0.040625,0.09791666666666667,0.040625,0.09791666666666667,0.0390625,0.10208333333333333,0.0421875,0.10625,0.05,0.10416666666666667,0.10625,0.1,0.1375,0.09375,0.1796875,0.09791666666666667,0.1875,0.09791666666666667,0.253125,0.10208333333333333
25,0.0,0.0,0.00625,-0.0020833333333333333,0.0140625,0.06458333333333334,0.0265625,0.0375,0.0234375,0.035416666666666666,0.0203125,0.03958333333333333,0.0203125,0.03958333333333333,0.01875,0.04375,0.021875,0.04791666666666667,0.0296875,0.04583333333333333,0.0859375,0.041666666666666664,0.1171875,0.035416666666666666,0.159375,0.03958333333333333,0.1671875,0.03958333333333333,0.2328125,0.04375,0.265625,0.04583333333333333
25,0.0,0.0,-0.003125,-0.0020833333333333333,-0.00625,0.0020833333333333333,-0.00625,0.0020833333333333333,-0.0078125,0.00625,-0.0046875,0.010416666666666666,0.003125,0.008333333333333333,0.059375,0.004166666666666667,0.090625,-0.0020833333333333333,0.1328125,0.0020833333333333333,0.140625,0.0020833333333333333,0.20625,0.00625,0.2390625,0.008333333333333333,0.2734375,0.027083333333333334,0.2125,0.07291666666666667,0.2140625,0.07916666666666666
25,0.0,0.0,-0.003125,0.004166666666666667,-0.003125,0.004166666666666667,-0.0046875,0.008333333333333333,-0.0015625,0.0125,0.00625,0.010416666666666666,0.0625,0.00625,0.09375,0.0,0.1359375,0.004166666666666667,0.14375,0.004166666666666667,0.209375,0.008333333333333333,0.2421875,0.010416666666666666,0.2765625,0.029166666666666667,0.215625,0.075,0.2171875,0.08125,0.2203125,0.08541666666666667
25,0.0,0.0,0.0,0.0,-0.0015625,0.004166666666666667,0.0015625,0.008333333333333333,0.009375,0.00625,0.065625,0.0020833333333333333,0.096875,-0.004166666666666667,0.1390625,0.0,0.146875,0.0,0.2125,0.004166666666666667,0.2453125,0.00625,0.2796875,0.025,0.21875,0.07083333333333333,0.2203125,0.07708333333333334,0.2234375,0.08125,0.221875,0.07916666666666666
25,0.0,0.0,-0.0015625,0.004166666666666667,0.0015625,0.008333333333333333,0.009375,0.00625,0.065625,0.0020833333333333333,0.096875,-0.004166666666666667,0.1390625,0.0,0.146875,0.0,0.2125,0.004166666666666667,0.2453125,0.00625,0.2796875,0.025,0.21875,0.07083333333333333,0.2203125,0.07708333333333334,0.2234375,0.08125,0.221875,0.07916666666666666,0.103125,0.2125
9,0.0,0.0,0.0015625,0.0020833333333333333,0.003125,0.00625,0.0046875,0.004166666666666667,0.0046875,0.0,0.0046875,0.0,0.00625,0.008333333333333333,0.00625,0.00625,0.00625,0.00625,0.0078125,0.00625,0.0078125,0.0020833333333333333,0.009375,0.00625,0.0125,0.004166666666666667,0.0109375,0.0020833333333333333,0.0078125,0.0,0.00625,0.004166666666666667
9,0.0,0.0,0.0,0.0,0.0015625,0.008333333333333333,0.0015625,0.00625,0.0015625,0.00625,0.003125,0.00625,0.003125,0.0020833333333333333,0.0046875,0.00625,0.0078125,0.004166666666666667,0.00625,0.0020833333333333333,0.003125,0.0,0.0015625,0.004166666666666667,0.0015625,0.004166666666666667,-0.00625,0.008333333333333333,-0.009375,0.004166666666666667,-0.015625,0.0020833333333333333
9,0.0,0.0,0.0015625,0.0,0.0015625,-0.004166666666666667,0.003125,0.0,0.00625,-0.0020833333333333333,0.0046875,-0.004166666666666667,0.0015625,-0.00625,0.0,-0.0020833333333333333,0.0,-0.0020833333333333333,-0.0078125,0.0020833333333333333,-0.0109375,-0.0020833333333333333,-0.0171875,-0.004166666666666667,-0.0140625,0.00625,-0.0125,0.010416666666666666,-0.0234375,0.004166666666666667,-0.025,0.010416666666666666
9,0.0,0.0,-0.0015625,-0.0020833333333333333,-0.0046875,-0.004166666666666667,-0.00625,0.0,-0.00625,0.0,-0.0140625,0.004166666666666667,-0.0171875,0.0,-0.0234375,-0.0020833333333333333,-0.0203125,0.008333333333333333,-0.01875,0.0125,-0.0296875,0.00625,-0.03125,0.0125,-0.0390625,0.014583333333333334,-0.0375,0.016666666666666666,-0.0421875,0.020833333333333332,-0.0421875,0.022916666666666665
9,0.0,0.0,0.0,0.0,-0.0078125,0.004166666666666667,-0.0109375,0.0,-0.0171875,-0.0020833333333333333,-0.0140625,0.008333333333333333,-0.0125,0.0125,-0.0234375,0.00625,-0.025,0.0125,-0.0328125,0.014583333333333334,-0.03125,0.016666666666666666,-0.0359375,0.020833333333333332,-0.0359375,0.022916666666666665,-0.040625,0.03125,-0.0359375,0.0375,-0.034375,0.03333333333333333
9,0.0,0.0,0.003125,0.010416666666666666,0.0046875,0.014583333333333334,-0.00625,0.008333333333333333,-0.0078125,0.014583333333333334,-0.015625,0.016666666666666666,-0.0140625,0.01875,-0.01875,0.022916666666666665,-0.01875,0.025,-0.0234375,0.03333333333333333,-0.01875,0.03958333333333333,-0.0171875,0.035416666666666666,-0.015625,0.03333333333333333,-0.015625,0.029166666666666667,-0.0125,0.025,-0.0140625,0.016666666666666666
9,0.0,0.0,-0.0015625,0.00625,-0.009375,0.008333333333333333,-0.0078125,0.010416666666666666,-0.0125,0.014583333333333334,-0.0125,0.016666666666666666,-0.0171875,0.025,-0.0125,0.03125,-0.0109375,0.027083333333333334,-0.009375,0.025,-0.009375,0.020833333333333332,-0.00625,0.016666666666666666,-0.0078125,0.008333333333333333,-0.009375,0.008333333333333333,-0.0140625,0.008333333333333333,-0.01875,0.004166666666666667
9,0.0,0.0,0.0,0.0020833333333333333,-0.0046875,0.010416666666666666,0.0,0.016666666666666666,0.0015625,0.0125,0.003125,0.010416666666666666,0.003125,0.00625,0.00625,0.0020833333333333333,0.0046875,-0.00625,0.003125,-0.00625,-0.0015625,-0.00625,-0.00625,-0.010416666666666666,-0.0125,-0.004166666666666667,-0.0140625,-0.00625,-0.03125,-0.004166666666666667,-0.034375,0.0020833333333333333
9,0.0,0.0,0.0015625,-0.0020833333333333333,0.0015625,-0.00625,0.0046875,-0.010416666666666666,0.003125,-0.01875,0.0015625,-0.01875,-0.003125,-0.01875,-0.0078125,-0.022916666666666665,-0.0140625,-0.016666666666666666,-0.015625,-0.01875,-0.0328125,-0.016666666666666666,-0.0359375,-0.010416666666666666,-0.0390625,0.0,-0.0546875,-0.016666666666666666,-0.053125,-0.029166666666666667,-0.0546875,-0.0375
9,0.0,0.0,-0.0015625,0.0,-0.00625,0.0,-0.0109375,-0.004166666666666667,-0.0171875,0.0020833333333333333,-0.01875,0.0,-0.0359375,0.0020833333333333333,-0.0390625,0.008333333333333333,-0.0421875,0.01875,-0.0578125,0.0020833333333333333,-0.05625,-0.010416666666666666,-0.0578125,-0.01875,-0.0609375,-0.03333333333333333,-0.0671875,-0.041666666666666664,-0.0765625,-0.06666666666666667,-0.065625,-0.07083333333333333
9,0.0,0.0,-0.0015625,-0.0020833333333333333,-0.01875,0.0,-0.021875,0.00625,-0.025,0.016666666666666666,-0.040625,0.0,-0.0390625,-0.0125,-0.040625,-0.020833333333333332,-0.04375,-0.035416666666666666,-0.05,-0.04375,-0.059375,-0.06875,-0.0484375,-0.07291666666666667,-0.0515625,-0.08125,-0.003125,-0.1125,-0.0109375,-0.12291666666666666,0.0078125,-0.13125
9,0.0,0.0,-0.015625,-0.016666666666666666,-0.0140625,-0.029166666666666667,-0.015625,-0.0375,-0.01875,-0.052083333333333336,-0.025,-0.06041666666666667,-0.034375,-0.08541666666666667,-0.0234375,-0.08958333333333333,-0.0265625,-0.09791666666666667,0.021875,-0.12916666666666668,0.0140625,-0.13958333333333334,0.0328125,-0.14791666666666667,0.0296875,-0.15208333333333332,0.0390625,-0.15833333333333333,0.04375,-0.1625,0.04375,-0.1625
9,0.0,0.0,-0.003125,0.027083333333333334,-0.015625,0.07083333333333333,-0.0140625,0.0625,0.00625,0.025,-0.0015625,0.058333333333333334,0.0203125,0.03125,0.021875,0.03125,0.0296875,0.020833333333333332,0.028125,0.01875,0.03125,0.01875,0.040625,0.0125,0.040625,0.014583333333333334,0.040625,0.00625,0.040625,0.008333333333333333,0.0390625,0.008333333333333333
9,0.0,0.0,-0.0078125,0.03333333333333333,0.0140625,0.00625,0.015625,0.00625,0.0234375,-0.004166666666666667,0.021875,-0.00625,0.025,-0.00625,0.034375,-0.0125,0.034375,-0.010416666666666666,0.034375,-0.01875,0.034375,-0.016666666666666666,0.0328125,-0.016666666666666666,0.0328125,-0.01875,0.0328125,-0.0125,0.0265625,-0.014583333333333334,0.0234375,-0.010416666666666666
9,0.0,0.0,0.0078125,-0.010416666666666666,0.00625,-0.0125,0.009375,-0.0125,0.01875,-0.01875,0.01875,-0.016666666666666666,0.01875,-0.025,0.01875,-0.022916666666666665,0.0171875,-0.022916666666666665,0.0171875,-0.025,0.0171875,-0.01875,0.0109375,-0.020833333333333332,0.0078125,-0.016666666666666666,0.0015625,-0.016666666666666666,-0.0015625,-0.008333333333333333,-0.00625,-0.016666666666666666
9,0.0,0.0,0.0,0.0020833333333333333,0.0,-0.00625,0.0,-0.004166666666666667,-0.0015625,-0.004166666666666667,-0.0015625,-0.00625,-0.0015625,0.0,-0.0078125,-0.0020833333333333333,-0.0109375,0.0020833333333333333,-0.0171875,0.0020833333333333333,-0.0203125,0.010416666666666666,-0.025,0.0020833333333333333,-0.040625,0.052083333333333336,-0.0375,0.052083333333333336,-0.05625,0.058333333333333334,-0.05625,0.07708333333333334
9,0.0,0.0,-0.0015625,0.0,-0.0015625,-0.0020833333333333333,-0.0015625,0.004166666666666667,-0.0078125,0.0020833333333333333,-0.0109375,0.00625,-0.0171875,0.00625,-0.0203125,0.014583333333333334,-0.025,0.00625,-0.040625,0.05625,-0.0375,0.05625,-0.05625,0.0625,-0.05625,0.08125,-0.0625,0.07291666666666667,-0.0625,0.07291666666666667,-0.059375,0.075
9,0.0,0.0,-0.00625,-0.0020833333333333333,-0.009375,0.0020833333333333333,-0.015625,0.0020833333333333333,-0.01875,0.010416666666666666,-0.0234375,0.0020833333333333333,-0.0390625,0.052083333333333336,-0.0359375,0.052083333333333336,-0.0546875,0.058333333333333334,-0.0546875,0.07708333333333334,-0.0609375,0.06875,-0.0609375,0.06875,-0.0578125,0.07083333333333333,-0.065625,0.07708333333333334,-0.065625,0.08333333333333333,-0.06875,0.0625
9,0.0,0.0,-0.003125,0.008333333333333333,-0.0078125,0.0,-0.0234375,0.05,-0.0203125,0.05,-0.0390625,0.05625,-0.0390625,0.075,-0.0453125,0.06666666666666667,-0.0453125,0.06666666666666667,-0.0421875,0.06875,-0.05,0.075,-0.05,0.08125,-0.053125,0.06041666666666667,-0.034375,0.08125,-0.0046875,0.07708333333333334,-0.0640625,0.04375
9,0.0,0.0,0.0015625,-0.0125,0.0046875,-0.010416666666666666,0.003125,-0.014583333333333334,0.003125,-0.0125,0.0046875,-0.00625,0.00625,-0.004166666666666667,0.0078125,-0.010416666666666666,0.009375,-0.0125,0.00625,-0.014583333333333334,0.0078125,-0.016666666666666666,0.0109375,-0.01875,0.0078125,-0.020833333333333332,0.00625,-0.016666666666666666,0.003125,-0.020833333333333332,-0.0015625,-0.025
9,0.0,0.0,0.0015625,0.00625,0.003125,0.008333333333333333,0.0046875,0.0020833333333333333,0.00625,0.0,0.003125,-0.0020833333333333333,0.0046875,-0.004166666666666667,0.0078125,-0.00625,0.0046875,-0.008333333333333333,0.003125,-0.004166666666666667,0.0,-0.008333333333333333,-0.0046875,-0.0125,-0.0046875,-0.0125,0.0,-0.008333333333333333,-0.003125,-0.00625,-0.003125,-0.00625
9,0.0,0.0,0.0015625,-0.0020833333333333333,-0.0015625,-0.004166666666666667,0.0,-0.00625,0.003125,-0.008333333333333333,0.0,-0.010416666666666666,-0.0015625,-0.00625,-0.0046875,-0.010416666666666666,-0.009375,-0.014583333333333334,-0.009375,-0.014583333333333334,-0.0046875,-0.010416666666666666,-0.0078125,-0.008333333333333333,-0.0078125,-0.008333333333333333,-0.009375,0.016666666666666666,-0.0171875,0.022916666666666665,-0.0203125,0.05
9,0.0,0.0,0.003125,-0.0020833333333333333,0.0,-0.004166666666666667,-0.0015625,0.0,-0.0046875,-0.004166666666666667,-0.009375,-0.008333333333333333,-0.009375,-0.008333333333333333,-0.0046875,-0.004166666666666667,-0.0078125,-0.0020833333333333333,-0.0078125,-0.0020833333333333333,-0.009375,0.022916666666666665,-0.0171875,0.029166666666666667,-0.0203125,0.05625,-0.021875,0.06458333333333334,-0.021875,0.08125,-0.0265625,0.06875
9,0.0,0.0,-0.0046875,-0.004166666666666667,-0.0046875,-0.004166666666666667,0.0,0.0,-0.003125,0.0020833333333333333,-0.003125,0.0020833333333333333,-0.0046875,0.027083333333333334,-0.0125,0.03333333333333333,-0.015625,0.06041666666666667,-0.0171875,0.06875,-0.0171875,0.08541666666666667,-0.021875,0.07291666666666667,-0.025,0.07708333333333334,-0.0265625,0.0875,-0.028125,0.10833333333333334,-0.0359375,0.10416666666666667
9,0.0,0.0,-0.003125,0.0020833333333333333,-0.003125,0.0020833333333333333,-0.0046875,0.027083333333333334,-0.0125,0.03333333333333333,-0.015625,0.06041666666666667,-0.0171875,0.06875,-0.0171875,0.08541666666666667,-0.021875,0.07291666666666667,-0.025,0.07708333333333334,-0.0265625,0.0875,-0.028125,0.10833333333333334,-0.0359375,0.10416666666666667,-0.0359375,0.10833333333333334,-0.040625,0.12916666666666668,-0.0421875,0.12708333333333333
9,0.0,0.0,-0.003125,0.027083333333333334,-0.0046875,0.035416666666666666,-0.0046875,0.052083333333333336,-0.009375,0.03958333333333333,-0.0125,0.04375,-0.0140625,0.05416666666666667,-0.015625,0.075,-0.0234375,0.07083333333333333,-0.0234375,0.075,-0.028125,0.09583333333333334,-0.0296875,0.09375,-0.034375,0.075,-0.034375,0.08125,-0.0171875,0.08958333333333333,0.009375,0.13958333333333334
9,0.0,0.0,0.003125,0.0,0.00625,-0.010416666666666666,0.00625,-0.010416666666666666,0.0046875,-0.008333333333333333,0.00625,-0.004166666666666667,0.009375,0.0020833333333333333,0.0140625,0.0,0.0203125,-0.0020833333333333333,0.03125,-0.008333333333333333,0.03125,-0.010416666666666666,0.0390625,-0.014583333333333334,0.0421875,-0.016666666666666666,0.04375,-0.016666666666666666,0.05,-0.01875,0.0484375,-0.016666666666666666
9,0.0,0.0,0.0015625,0.004166666666666667,0.0046875,0.010416666666666666,0.009375,0.008333333333333333,0.015625,0.00625,0.0265625,0.0,0.0265625,-0.0020833333333333333,0.034375,-0.00625,0.0375,-0.008333333333333333,0.0390625,-0.008333333333333333,0.0453125,-0.010416666666666666,0.04375,-0.008333333333333333,0.0453125,-0.010416666666666666,0.0484375,-0.010416666666666666,0.04375,-0.008333333333333333,0.0421875,-0.0020833333333333333
9,0.0,0.0,0.00625,-0.0020833333333333333,0.0171875,-0.008333333333333333,0.0171875,-0.010416666666666666,0.025,-0.014583333333333334,0.028125,-0.016666666666666666,0.0296875,-0.016666666666666666,0.0359375,-0.01875,0.034375,-0.016666666666666666,0.0359375,-0.01875,0.0390625,-0.01875,0.034375,-0.016666666666666666,0.0328125,-0.010416666666666666,0.03125,-0.014583333333333334,0.021875,-0.016666666666666666,0.021875,-0.014583333333333334
9,0.0,0.0,0.0078125,-0.004166666666666667,0.0109375,-0.00625,0.0125,-0.00625,0.01875,-0.008333333333333333,0.0171875,-0.00625,0.01875,-0.008333333333333333,0.021875,-0.008333333333333333,0.0171875,-0.00625,0.015625,0.0,0.0140625,-0.004166666666666667,0.0046875,-0.00625,0.0046875,-0.004166666666666667,0.003125,0.0125,0.0015625,0.0020833333333333333,-0.0046875,0.020833333333333332
9,0.0,0.0,0.00625,-0.0020833333333333333,0.0046875,0.0,0.00625,-0.0020833333333333333,0.009375,-0.0020833333333333333,0.0046875,0.0,0.003125,0.00625,0.0015625,0.0020833333333333333,-0.0078125,0.0,-0.0078125,0.0020833333333333333,-0.009375,0.01875,-0.0109375,0.008333333333333333,-0.0171875,0.027083333333333334,-0.0203125,0.01875,-0.01875,0.025,-0.0203125,0.020833333333333332
9,0.0,0.0,0.003125,0.0,-0.0015625,0.0020833333333333333,-0.003125,0.008333333333333333,-0.0046875,0.004166666666666667,-0.0140625,0.0020833333333333333,-0.0140625,0.004166666666666667,-0.015625,0.020833333333333332,-0.0171875,0.010416666666666666,-0.0234375,0.029166666666666667,-0.0265625,0.020833333333333332,-0.025,0.027083333333333334,-0.0265625,0.022916666666666665,-0.0296875,0.022916666666666665,-0.028125,0.03333333333333333,-0.034375,0.04583333333333333
9,0.0,0.0,-0.0015625,-0.004166666666666667,-0.0109375,-0.00625,-0.0109375,-0.004166666666666667,-0.0125,0.0125,-0.0140625,0.0020833333333333333,-0.0203125,0.020833333333333332,-0.0234375,0.0125,-0.021875,0.01875,-0.0234375,0.014583333333333334,-0.0265625,0.014583333333333334,-0.025,0.025,-0.03125,0.0375,-0.0296875,0.0375,-0.034375,0.03333333333333333,-0.0359375,0.022916666666666665
9,0.0,0.0,-0.0015625,-0.010416666666666666,-0.0078125,0.008333333333333333,-0.0109375,0.0,-0.009375,0.00625,-0.0109375,0.0020833333333333333,-0.0140625,0.0020833333333333333,-0.0125,0.0125,-0.01875,0.025,-0.0171875,0.025,-0.021875,0.020833333333333332,-0.0234375,0.010416666666666666,0.0015625,0.06875,0.0171875,0.09791666666666667,-0.0125,-0.004166666666666667,-0.0375,-0.035416666666666666
9,0.0,0.0,0.0015625,-0.00625,-0.003125,-0.008333333333333333,0.0,-0.004166666666666667,0.0015625,-0.0020833333333333333,0.0015625,0.0,0.0015625,0.004166666666666667,0.0015625,0.004166666666666667,-0.003125,0.00625,-0.003125,0.010416666666666666,-0.0046875,0.014583333333333334,-0.00625,0.025,-0.0078125,0.029166666666666667,-0.0078125,0.029166666666666667,-0.0125,0.025,-0.0171875,0.029166666666666667
9,0.0,0.0,0.0,0.0,-0.0046875,0.0020833333333333333,-0.0046875,0.00625,-0.00625,0.010416666666666666,-0.0078125,0.020833333333333332,-0.009375,0.025,-0.009375,0.025,-0.0140625,0.020833333333333332,-0.01875,0.025,-0.015625,0.027083333333333334,-0.015625,0.027083333333333334,-0.0234375,0.03333333333333333,-0.0234375,0.03333333333333333,-0.0328125,0.04583333333333333,-0.034375,0.04375
9,0.0,0.0,-0.0015625,0.004166666666666667,-0.0015625,0.004166666666666667,-0.00625,0.0,-0.0109375,0.004166666666666667,-0.0078125,0.00625,-0.0078125,0.00625,-0.015625,0.0125,-0.015625,0.0125,-0.025,0.025,-0.0265625,0.022916666666666665,-0.0328125,0.027083333333333334,-0.034375,0.027083333333333334,-0.046875,0.01875,-0.0515625,0.016666666666666666,-0.0515625,0.020833333333333332
9,0.0,0.0,0.0,0.0,-0.0078125,0.00625,-0.0078125,0.00625,-0.0171875,0.01875,-0.01875,0.016666666666666666,-0.025,0.020833333333333332,-0.0265625,0.020833333333333332,-0.0390625,0.0125,-0.04375,0.010416666666666666,-0.04375,0.014583333333333334,-0.0515625,0.020833333333333332,-0.0515625,0.01875,-0.0515625,0.01875,-0.0640625,0.035416666666666666,-0.06875,0.03125
9,0.0,0.0,-0.00625,0.004166666666666667,-0.0078125,0.004166666666666667,-0.0203125,-0.004166666666666667,-0.025,-0.00625,-0.025,-0.0020833333333333333,-0.0328125,0.004166666666666667,-0.0328125,0.0020833333333333333,-0.0328125,0.0020833333333333333,-0.0453125,0.01875,-0.05,0.014583333333333334,-0.0484375,0.027083333333333334,-0.0515625,0.029166666666666667,-0.06875,0.022916666666666665,-0.078125,0.03125,-0.0796875,0.022916666666666665
9,0.0,0.0,0.0,0.004166666666666667,-0.0078125,0.010416666666666666,-0.0078125,0.008333333333333333,-0.0078125,0.008333333333333333,-0.0203125,0.025,-0.025,0.020833333333333332,-0.0234375,0.03333333333333333,-0.0265625,0.035416666666666666,-0.04375,0.029166666666666667,-0.053125,0.0375,-0.0546875,0.029166666666666667,-0.0671875,0.020833333333333332,-0.0671875,0.016666666666666666,-0.075,0.025,-0.0703125,0.008333333333333333
9,0.0,0.0,-0.0125,0.016666666666666666,-0.0171875,0.0125,-0.015625,0.025,-0.01875,0.027083333333333334,-0.0359375,0.020833333333333332,-0.0453125,0.029166666666666667,-0.046875,0.020833333333333332,-0.059375,0.0125,-0.059375,0.008333333333333333,-0.0671875,0.016666666666666666,-0.0625,0.0,-0.0578125,-0.0125,-0.059375,-0.025,-0.05625,-0.029166666666666667,-0.0421875,-0.041666666666666664
9,0.0,0.0,-0.0171875,-0.00625,-0.0265625,0.0020833333333333333,-0.028125,-0.00625,-0.040625,-0.014583333333333334,-0.040625,-0.01875,-0.0484375,-0.010416666666666666,-0.04375,-0.027083333333333334,-0.0390625,-0.03958333333333333,-0.040625,-0.052083333333333336,-0.0375,-0.05625,-0.0234375,-0.06875,-0.0203125,-0.08125,-0.021875,-0.09166666666666666,0.0,-0.09375,0.0,-0.11666666666666667
9,0.0,0.0,0.0,-0.004166666666666667,-0.0078125,0.004166666666666667,-0.003125,-0.0125,0.0015625,-0.025,0.0,-0.0375,0.003125,-0.041666666666666664,0.0171875,-0.05416666666666667,0.0203125,-0.06666666666666667,0.01875,-0.07708333333333334,0.040625,-0.07916666666666666,0.040625,-0.10208333333333333,0.0375,-0.12083333333333333,0.040625,-0.12291666666666666,0.0328125,-0.125,0.0328125,-0.12708333333333333
9,0.0,0.0,0.003125,-0.004166666666666667,0.0171875,-0.016666666666666666,0.0203125,-0.029166666666666667,0.01875,-0.03958333333333333,0.040625,-0.041666666666666664,0.040625,-0.06458333333333334,0.0375,-0.08333333333333333,0.040625,-0.08541666666666667,0.0328125,-0.0875,0.0328125,-0.08958333333333333,0.028125,-0.08958333333333333,0.028125,-0.09166666666666666,0.034375,-0.10208333333333333,0.0390625,-0.11041666666666666,0.0375,-0.11458333333333333
9,0.0,0.0,0.0,-0.022916666666666665,-0.003125,-0.041666666666666664,0.0,-0.04375,-0.0078125,-0.04583333333333333,-0.0078125,-0.04791666666666667,-0.0125,-0.04791666666666667,-0.0125,-0.05,-0.00625,-0.06041666666666667,-0.0015625,-0.06875,-0.003125,-0.07291666666666667,-0.0078125,-0.07916666666666666,-0.0078125,-0.07708333333333334,-0.009375,-0.08125,-0.0109375,-0.0875,-0.009375,-0.08958333333333333
9,0.0,0.0,-0.0046875,0.0,-0.0046875,-0.0020833333333333333,0.0015625,-0.0125,0.00625,-0.020833333333333332,0.0046875,-0.025,0.0,-0.03125,0.0,-0.029166666666666667,-0.0015625,-0.03333333333333333,-0.003125,-0.03958333333333333,-0.0015625,-0.041666666666666664,-0.003125,-0.04375,-0.0015625,-0.05,-0.0015625,-0.052083333333333336,-0.0015625,-0.05416666666666667,0.0,-0.05625
9,0.0,0.0,-0.0046875,-0.00625,-0.0046875,-0.004166666666666667,-0.00625,-0.008333333333333333,-0.0078125,-0.014583333333333334,-0.00625,-0.016666666666666666,-0.0078125,-0.01875,-0.00625,-0.025,-0.00625,-0.027083333333333334,-0.00625,-0.029166666666666667,-0.0046875,-0.03125,-0.0078125,-0.03125,-0.00625,-0.03333333333333333,-0.003125,-0.03333333333333333,0.0,-0.03958333333333333,-0.0015625,-0.0375
9,0.0,0.0,-0.0015625,-0.0020833333333333333,0.0,-0.008333333333333333,0.0,-0.010416666666666666,0.0,-0.0125,0.0015625,-0.014583333333333334,-0.0015625,-0.014583333333333334,0.0,-0.016666666666666666,0.003125,-0.016666666666666666,0.00625,-0.022916666666666665,0.0046875,-0.020833333333333332,0.003125,-0.01875,0.0078125,-0.008333333333333333,0.0125,-0.0125,0.015625,-0.004166666666666667,0.015625,0.022916666666666665
9,0.0,0.0,0.0,-0.0020833333333333333,0.0015625,-0.004166666666666667,-0.0015625,-0.004166666666666667,0.0,-0.00625,0.003125,-0.00625,0.00625,-0.0125,0.0046875,-0.010416666666666666,0.003125,-0.008333333333333333,0.0078125,0.0020833333333333333,0.0125,-0.0020833333333333333,0.015625,0.00625,0.015625,0.03333333333333333,0.0171875,0.0375,0.0171875,0.06875,0.0203125,0.07083333333333333
9,0.0,0.0,0.003125,0.0,0.00625,-0.00625,0.0046875,-0.004166666666666667,0.003125,-0.0020833333333333333,0.0078125,0.008333333333333333,0.0125,0.004166666666666667,0.015625,0.0125,0.015625,0.03958333333333333,0.0171875,0.04375,0.0171875,0.075,0.0203125,0.07708333333333334,0.021875,0.07708333333333334,0.0234375,0.10833333333333334,0.0046875,0.10833333333333334,-0.009375,0.10416666666666667
9,0.0,0.0,0.003125,-0.00625,0.0015625,-0.004166666666666667,0.0,-0.0020833333333333333,0.0046875,0.008333333333333333,0.009375,0.004166666666666667,0.0125,0.0125,0.0125,0.03958333333333333,0.0140625,0.04375,0.0140625,0.075,0.0171875,0.07708333333333334,0.01875,0.07708333333333334,0.0203125,0.10833333333333334,0.0015625,0.10833333333333334,-0.0125,0.10416666666666667,-0.053125,0.13125
9,0.0,0.0,0.0015625,0.004166666666666667,0.0015625,0.035416666666666666,0.0046875,0.0375,0.00625,0.0375,0.0078125,0.06875,-0.0109375,0.06875,-0.025,0.06458333333333334,-0.065625,0.09166666666666666,-0.0515625,0.0875,-0.04375,0.06458333333333334,-0.0515625,0.09166666666666666,-0.0484375,0.06458333333333334,-0.04375,0.07708333333333334,-0.0546875,0.08333333333333333,-0.04375,0.1125
9,0.0,0.0,-0.0140625,-0.004166666666666667,-0.0546875,0.022916666666666665,-0.040625,0.01875,-0.0328125,-0.004166666666666667,-0.040625,0.022916666666666665,-0.0375,-0.004166666666666667,-0.0328125,0.008333333333333333,-0.04375,0.014583333333333334,-0.0328125,0.04375,-0.040625,0.04583333333333333,-0.0578125,0.0,-0.0234375,0.06041666666666667,-0.0515625,0.00625,-0.0234375,0.025,-0.05,0.025
9,0.0,0.0,-0.040625,0.027083333333333334,-0.0265625,0.022916666666666665,-0.01875,0.0,-0.0265625,0.027083333333333334,-0.0234375,0.0,-0.01875,0.0125,-0.0296875,0.01875,-0.01875,0.04791666666666667,-0.0265625,0.05,-0.04375,0.004166666666666667,-0.009375,0.06458333333333334,-0.0375,0.010416666666666666,-0.009375,0.029166666666666667,-0.0359375,0.029166666666666667,0.009375,0.04583333333333333
9,0.0,0.0,-0.0109375,0.00625,0.0,0.035416666666666666,-0.0078125,0.0375,-0.025,-0.008333333333333333,0.009375,0.052083333333333336,-0.01875,-0.0020833333333333333,0.009375,0.016666666666666666,-0.0171875,0.016666666666666666,0.028125,0.03333333333333333,-0.0109375,0.03125,0.0203125,0.03333333333333333,-0.503125,-0.5791666666666667,-0.503125,-0.5791666666666667,-0.503125,-0.5791666666666667,0.015625,0.027083333333333334
9,0.0,0.0,-0.0390625,-0.0020833333333333333,-0.0078125,0.0,-0.53125,-0.6125,-0.53125,-0.6125,-0.53125,-0.6125,-0.0125,-0.00625,-0.01875,-0.025,-0.0078125,-0.014583333333333334,-0.003125,0.0020833333333333333,-0.0046875,0.0020833333333333333,-0.00625,0.014583333333333334,-0.0046875,0.010416666666666666,-0.0078125,0.0125,-0.0046875,0.00625,0.0,-0.004166666666666667
9,0.0,0.0,0.51875,0.60625,0.5125,0.5875,0.5234375,0.5979166666666667,0.528125,0.6145833333333334,0.5265625,0.6145833333333334,0.525,0.6270833333333333,0.5265625,0.6229166666666667,0.5234375,0.625,0.5265625,0.61875,0.53125,0.6083333333333333,0.53125,0.6208333333333333,0.521875,0.5,0.534375,0.61875,0.521875,0.5479166666666667,0.53125,0.6229166666666667
9,0.0,0.0,-0.0015625,0.0125,0.0,0.008333333333333333,-0.003125,0.010416666666666666,0.0,0.004166666666666667,0.0046875,-0.00625,0.0046875,0.00625,-0.0046875,-0.11458333333333333,0.0078125,0.004166666666666667,-0.0046875,-0.06666666666666667,0.0046875,0.008333333333333333,0.00625,0.016666666666666666,0.0046875,0.010416666666666666,0.003125,0.010416666666666666,0.003125,0.0,0.00625,0.0
9,0.0,0.0,0.0046875,-0.010416666666666666,0.0046875,0.0020833333333333333,-0.0046875,-0.11875,0.0078125,0.0,-0.0046875,-0.07083333333333333,0.0046875,0.004166666666666667,0.00625,0.0125,0.0046875,0.00625,0.003125,0.00625,0.003125,-0.004166666666666667,0.00625,-0.004166666666666667,0.0046875,-0.010416666666666666,0.00625,-0.004166666666666667,0.00625,-0.010416666666666666,0.0125,-0.022916666666666665
9,0.0,0.0,-0.0125,-0.07083333333333333,-0.003125,0.004166666666666667,-0.0015625,0.0125,-0.003125,0.00625,-0.0046875,0.00625,-0.0046875,-0.004166666666666667,-0.0015625,-0.004166666666666667,-0.003125,-0.010416666666666666,-0.0015625,-0.004166666666666667,-0.0015625,-0.010416666666666666,0.0046875,-0.022916666666666665,0.0078125,-0.01875,0.0078125,-0.025,0.0140625,-0.022916666666666665,0.015625,-0.01875
9,0.0,0.0,-0.0015625,0.0,-0.0015625,-0.010416666666666666,0.0015625,-0.010416666666666666,0.0,-0.016666666666666666,0.0015625,-0.010416666666666666,0.0015625,-0.016666666666666666,0.0078125,-0.029166666666666667,0.0109375,-0.025,0.0109375,-0.03125,0.0171875,-0.029166666666666667,0.01875,-0.025,0.0171875,-0.035416666666666666,0.025,-0.03958333333333333,0.025,-0.0375,0.025,-0.041666666666666664
9,0.0,0.0,0.0015625,0.00625,0.0015625,0.0,0.0078125,-0.0125,0.0109375,-0.008333333333333333,0.0109375,-0.014583333333333334,0.0171875,-0.0125,0.01875,-0.008333333333333333,0.0171875,-0.01875,0.025,-0.022916666666666665,0.025,-0.020833333333333332,0.025,-0.025,0.0296875,-0.029166666666666667,0.03125,-0.029166666666666667,0.028125,-0.025,0.0296875,-0.03333333333333333
9,0.0,0.0,0.0,-0.00625,0.00625,-0.004166666666666667,0.0078125,0.0,0.00625,-0.010416666666666666,0.0140625,-0.014583333333333334,0.0140625,-0.0125,0.0140625,-0.016666666666666666,0.01875,-0.020833333333333332,0.0203125,-0.020833333333333332,0.0171875,-0.016666666666666666,0.01875,-0.025,0.015625,-0.01875,0.015625,-0.020833333333333332,0.0203125,-0.01875,0.0203125,-0.016666666666666666
9,0.0,0.0,0.0,0.0020833333333333333,0.0,-0.0020833333333333333,0.0046875,-0.00625,0.00625,-0.00625,0.003125,-0.0020833333333333333,0.0046875,-0.010416666666666666,0.0015625,-0.004166666666666667,0.0015625,-0.00625,0.00625,-0.004166666666666667,0.00625,-0.0020833333333333333,0.0109375,-0.00625,0.0125,-0.0020833333333333333,0.0109375,0.016666666666666666,0.009375,0.020833333333333332,0.0078125,0.008333333333333333
9,0.0,0.0,-0.003125,0.004166666666666667,-0.0015625,-0.004166666666666667,-0.0046875,0.0020833333333333333,-0.0046875,0.0,0.0,0.0020833333333333333,0.0,0.004166666666666667,0.0046875,0.0,0.00625,0.004166666666666667,0.0046875,0.022916666666666665,0.003125,0.027083333333333334,0.0015625,0.014583333333333334,-0.0046875,0.029166666666666667,-0.0046875,0.029166666666666667,-0.0078125,0.029166666666666667,-0.0078125,0.04583333333333333
9,0.0,0.0,0.0,0.0020833333333333333,0.0046875,-0.0020833333333333333,0.00625,0.0020833333333333333,0.0046875,0.020833333333333332,0.003125,0.025,0.0015625,0.0125,-0.0046875,0.027083333333333334,-0.0046875,0.027083333333333334,-0.0078125,0.027083333333333334,-0.0078125,0.04375,-0.0140625,0.03333333333333333,-0.015625,0.03333333333333333,-0.0171875,0.05,-0.01875,0.05625,-0.0203125,0.05625
9,0.0,0.0,0.0046875,-0.004166666666666667,0.00625,0.0,0.0046875,0.01875,0.003125,0.022916666666666665,0.0015625,0.010416666666666666,-0.0046875,0.025,-0.0046875,0.025,-0.0078125,0.025,-0.0078125,0.041666666666666664,-0.0140625,0.03125,-0.015625,0.03125,-0.0171875,0.04791666666666667,-0.01875,0.05416666666666667,-0.0203125,0.05416666666666667,-0.040625,-0.07083333333333333
9,0.0,0.0,0.0,0.0,-0.003125,0.0,-0.003125,0.016666666666666666,-0.009375,0.00625,-0.0109375,0.00625,-0.0125,0.022916666666666665,-0.0140625,0.029166666666666667,-0.015625,0.029166666666666667,-0.0359375,-0.09583333333333334,-0.025,0.025,-0.0328125,0.01875,-0.04375,-0.10208333333333333,-0.0296875,0.025,-0.0421875,0.004166666666666667,-0.0421875,0.0
9,0.0,0.0,-0.00625,-0.010416666666666666,-0.0078125,-0.010416666666666666,-0.009375,0.00625,-0.0109375,0.0125,-0.0125,0.0125,-0.0328125,-0.1125,-0.021875,0.008333333333333333,-0.0296875,0.0020833333333333333,-0.040625,-0.11875,-0.0265625,0.008333333333333333,-0.0390625,-0.0125,-0.0390625,-0.016666666666666666,-0.0390625,-0.008333333333333333,-0.034375,-0.004166666666666667,-0.046875,-0.03125
9,0.0,0.0,-0.0015625,0.0,-0.021875,-0.125,-0.0109375,-0.004166666666666667,-0.01875,-0.010416666666666666,-0.0296875,-0.13125,-0.015625,-0.004166666666666667,-0.028125,-0.025,-0.028125,-0.029166666666666667,-0.028125,-0.020833333333333332,-0.0234375,-0.016666666666666666,-0.0359375,-0.04375,-0.0265625,-0.01875,-0.0265625,-0.016666666666666666,-0.028125,-0.014583333333333334,-0.0328125,-0.025
9,0.0,0.0,-0.0125,-0.020833333333333332,-0.0125,-0.025,-0.0125,-0.016666666666666666,-0.0078125,-0.0125,-0.0203125,-0.03958333333333333,-0.0109375,-0.014583333333333334,-0.0109375,-0.0125,-0.0125,-0.010416666666666666,-0.0171875,-0.020833333333333332,0.003125,-0.052083333333333336,-0.00625,-0.04583333333333333,0.0078125,-0.0625,0.0171875,-0.075,0.025,-0.09791666666666667,0.021875,-0.10208333333333333
9,0.0,0.0,-0.0125,-0.027083333333333334,-0.003125,-0.0020833333333333333,-0.003125,0.0,-0.0046875,0.0020833333333333333,-0.009375,-0.008333333333333333,0.0109375,-0.03958333333333333,0.0015625,-0.03333333333333333,0.015625,-0.05,0.025,-0.0625,0.0328125,-0.08541666666666667,0.0296875,-0.08958333333333333,0.034375,-0.09375,0.0265625,-0.08958333333333333,0.0234375,-0.09166666666666666,0.021875,-0.09166666666666666
9,0.0,0.0,-0.0203125,-0.020833333333333332,0.0015625,-0.04791666666666667,0.003125,-0.035416666666666666,0.0015625,-0.03333333333333333,-0.0109375,-0.025,-0.01875,-0.0375,-0.0171875,-0.03958333333333333,-0.0171875,-0.04375,-0.0140625,-0.04583333333333333,-0.0140625,-0.04583333333333333,-0.009375,-0.05,-0.0109375,-0.04583333333333333,-0.009375,-0.04375,-0.009375,-0.03958333333333333,-0.003125,-0.04375
9,0.0,0.0,-0.0078125,-0.0125,-0.00625,-0.014583333333333334,-0.00625,-0.01875,-0.003125,-0.020833333333333332,-0.003125,-0.020833333333333332,0.0015625,-0.025,0.0,-0.020833333333333332,0.0015625,-0.01875,0.0015625,-0.014583333333333334,0.0078125,-0.01875,0.0078125,-0.020833333333333332,0.00625,-0.016666666666666666,0.00625,-0.01875,0.0015625,-0.0125,-0.003125,-0.010416666666666666
9,0.0,0.0,0.0046875,-0.004166666666666667,0.003125,0.0,0.0046875,0.0020833333333333333,0.0046875,0.00625,0.0109375,0.0020833333333333333,0.0109375,0.0,0.009375,0.004166666666666667,0.009375,0.0020833333333333333,0.0046875,0.008333333333333333,0.0,0.010416666666666666,-0.0046875,0.0125,-0.00625,0.020833333333333332,-0.00625,0.025,-0.0140625,0.035416666666666666,-0.0140625,0.025
9,0.0,0.0,0.00625,-0.004166666666666667,0.00625,-0.00625,0.0046875,-0.0020833333333333333,0.0046875,-0.004166666666666667,0.0,0.0020833333333333333,-0.0046875,0.004166666666666667,-0.009375,0.00625,-0.0109375,0.014583333333333334,-0.0109375,0.01875,-0.01875,0.029166666666666667,-0.01875,0.01875,-0.01875,0.025,-0.01875,0.03125,-0.021875,0.03125,-0.025,0.035416666666666666
9,0.0,0.0,0.0,-0.0020833333333333333,-0.0046875,0.004166666666666667,-0.009375,0.00625,-0.0140625,0.008333333333333333,-0.015625,0.016666666666666666,-0.015625,0.020833333333333332,-0.0234375,0.03125,-0.0234375,0.020833333333333332,-0.0234375,0.027083333333333334,-0.0234375,0.03333333333333333,-0.0265625,0.03333333333333333,-0.0296875,0.0375,-0.0359375,0.052083333333333336,-0.040625,0.05,-0.0421875,0.05
9,0.0,0.0,-0.0046875,0.0020833333333333333,-0.009375,0.004166666666666667,-0.0109375,0.0125,-0.0109375,0.016666666666666666,-0.01875,0.027083333333333334,-0.01875,0.016666666666666666,-0.01875,0.022916666666666665,-0.01875,0.029166666666666667,-0.021875,0.029166666666666667,-0.025,0.03333333333333333,-0.03125,0.04791666666666667,-0.0359375,0.04583333333333333,-0.0375,0.04583333333333333,-0.0453125,0.05625,-0.0484375,0.058333333333333334
9,0.0,0.0,0.0,0.004166666666666667,-0.0078125,0.014583333333333334,-0.0078125,0.004166666666666667,-0.0078125,0.010416666666666666,-0.0078125,0.016666666666666666,-0.0109375,0.016666666666666666,-0.0140625,0.020833333333333332,-0.0203125,0.035416666666666666,-0.025,0.03333333333333333,-0.0265625,0.03333333333333333,-0.034375,0.04375,-0.0375,0.04583333333333333,-0.040625,0.029166666666666667,-0.0328125,0.01875,-0.028125,-0.004166666666666667
9,0.0,0.0,0.0,0.00625,-0.003125,0.00625,-0.00625,0.010416666666666666,-0.0125,0.025,-0.0171875,0.022916666666666665,-0.01875,0.022916666666666665,-0.0265625,0.03333333333333333,-0.0296875,0.035416666666666666,-0.0328125,0.01875,-0.025,0.008333333333333333,-0.0203125,-0.014583333333333334,-0.01875,0.0020833333333333333,-0.0203125,0.004166666666666667,-0.025,0.008333333333333333,-0.03125,0.0125
9,0.0,0.0,-0.0046875,-0.0020833333333333333,-0.00625,-0.0020833333333333333,-0.0140625,0.008333333333333333,-0.0171875,0.010416666666666666,-0.0203125,-0.00625,-0.0125,-0.016666666666666666,-0.0078125,-0.03958333333333333,-0.00625,-0.022916666666666665,-0.0078125,-0.020833333333333332,-0.0125,-0.016666666666666666,-0.01875,-0.0125,-0.0265625,-0.010416666666666666,-0.0234375,-0.0020833333333333333,-0.021875,0.00625,-0.0171875,0.0
9,0.0,0.0,0.0078125,-0.010416666666666666,0.0125,-0.03333333333333333,0.0140625,-0.016666666666666666,0.0125,-0.014583333333333334,0.0078125,-0.010416666666666666,0.0015625,-0.00625,-0.00625,-0.004166666666666667,-0.003125,0.004166666666666667,-0.0015625,0.0125,0.003125,0.00625,-0.009375,0.0020833333333333333,-0.021875,-0.008333333333333333,-0.0375,-0.035416666666666666,-0.0390625,-0.035416666666666666,-0.0609375,-0.020833333333333332
9,0.0,0.0,-0.0046875,0.004166666666666667,-0.0109375,0.008333333333333333,-0.01875,0.010416666666666666,-0.015625,0.01875,-0.0140625,0.027083333333333334,-0.009375,0.020833333333333332,-0.021875,0.016666666666666666,-0.034375,0.00625,-0.05,-0.020833333333333332,-0.0515625,-0.020833333333333332,-0.0734375,-0.00625,-0.065625,-0.020833333333333332,-0.0765625,-0.020833333333333332,-0.084375,-0.029166666666666667,-0.078125,-0.03958333333333333
9,0.0,0.0,0.0046875,-0.00625,-0.0078125,-0.010416666666666666,-0.0203125,-0.020833333333333332,-0.0359375,-0.04791666666666667,-0.0375,-0.04791666666666667,-0.059375,-0.03333333333333333,-0.0515625,-0.04791666666666667,-0.0625,-0.04791666666666667,-0.0703125,-0.05625,-0.0640625,-0.06666666666666667,-0.065625,-0.06666666666666667,-0.0671875,-0.06875,-0.075,-0.06458333333333334,-0.075,-0.052083333333333336,-0.0765625,-0.058333333333333334
9,0.0,0.0,-0.015625,-0.027083333333333334,-0.0171875,-0.027083333333333334,-0.0390625,-0.0125,-0.03125,-0.027083333333333334,-0.0421875,-0.027083333333333334,-0.05,-0.035416666666666666,-0.04375,-0.04583333333333333,-0.0453125,-0.04583333333333333,-0.046875,-0.04791666666666667,-0.0546875,-0.04375,-0.0546875,-0.03125,-0.05625,-0.0375,-0.0515625,-0.029166666666666667,-0.0296875,-0.022916666666666665,-0.00625,-0.020833333333333332
9,0.0,0.0,-0.021875,0.014583333333333334,-0.0140625,0.0,-0.025,0.0,-0.0328125,-0.008333333333333333,-0.0265625,-0.01875,-0.028125,-0.01875,-0.0296875,-0.020833333333333332,-0.0375,-0.016666666666666666,-0.0375,-0.004166666666666667,-0.0390625,-0.010416666666666666,-0.034375,-0.0020833333333333333,-0.0125,0.004166666666666667,0.0109375,0.00625,0.015625,0.00625,0.03125,-0.0020833333333333333
9,0.0,0.0,-0.0109375,0.0,-0.01875,-0.008333333333333333,-0.0125,-0.01875,-0.0140625,-0.01875,-0.015625,-0.020833333333333332,-0.0234375,-0.016666666666666666,-0.0234375,-0.004166666666666667,-0.025,-0.010416666666666666,-0.0203125,-0.0020833333333333333,0.0015625,0.004166666666666667,0.025,0.00625,0.0296875,0.00625,0.0453125,-0.0020833333333333333,0.0546875,0.0020833333333333333,0.065625,0.0
9,0.0,0.0,0.00625,-0.010416666666666666,0.0046875,-0.010416666666666666,0.003125,-0.0125,-0.0046875,-0.008333333333333333,-0.0046875,0.004166666666666667,-0.00625,-0.0020833333333333333,-0.0015625,0.00625,0.0203125,0.0125,0.04375,0.014583333333333334,0.0484375,0.014583333333333334,0.0640625,0.00625,0.0734375,0.010416666666666666,0.084375,0.008333333333333333,0.103125,0.0375,0.109375,0.041666666666666664
9,0.0,0.0,-0.0078125,0.004166666666666667,-0.0078125,0.016666666666666666,-0.009375,0.010416666666666666,-0.0046875,0.01875,0.0171875,0.025,0.040625,0.027083333333333334,0.0453125,0.027083333333333334,0.0609375,0.01875,0.0703125,0.022916666666666665,0.08125,0.020833333333333332,0.1,0.05,0.10625,0.05416666666666667,0.0578125,0.020833333333333332,0.0796875,0.016666666666666666,0.078125,0.0125
9,0.0,0.0,-0.0015625,-0.00625,0.003125,0.0020833333333333333,0.025,0.008333333333333333,0.0484375,0.010416666666666666,0.053125,0.010416666666666666,0.06875,0.0020833333333333333,0.078125,0.00625,0.0890625,0.004166666666666667,0.1078125,0.03333333333333333,0.1140625,0.0375,0.065625,0.004166666666666667,0.0875,0.0,0.0859375,-0.004166666666666667,0.090625,-0.09375,0.1015625,-0.03958333333333333
9,0.0,0.0,0.0046875,0.008333333333333333,0.0265625,0.014583333333333334,0.05,0.016666666666666666,0.0546875,0.016666666666666666,0.0703125,0.008333333333333333,0.0796875,0.0125,0.090625,0.010416666666666666,0.109375,0.03958333333333333,0.115625,0.04375,0.0671875,0.010416666666666666,0.0890625,0.00625,0.0875,0.0020833333333333333,0.0921875,-0.0875,0.103125,-0.03333333333333333,0.0984375,-0.041666666666666664
9,0.0,0.0,0.0046875,0.0,0.0203125,-0.008333333333333333,0.0296875,-0.004166666666666667,0.040625,-0.00625,0.059375,0.022916666666666665,0.065625,0.027083333333333334,0.0171875,-0.00625,0.0390625,-0.010416666666666666,0.0375,-0.014583333333333334,0.0421875,-0.10416666666666667,0.053125,-0.05,0.0484375,-0.058333333333333334,0.0546875,-0.058333333333333334,0.0484375,-0.09166666666666666,0.053125,-0.07916666666666666
9,0.0,0.0,0.015625,-0.008333333333333333,0.025,-0.004166666666666667,0.0359375,-0.00625,0.0546875,0.022916666666666665,0.0609375,0.027083333333333334,0.0125,-0.00625,0.034375,-0.010416666666666666,0.0328125,-0.014583333333333334,0.0375,-0.10416666666666667,0.0484375,-0.05,0.04375,-0.058333333333333334,0.05,-0.058333333333333334,0.04375,-0.09166666666666666,0.0484375,-0.07916666666666666,0.04375,-0.09583333333333334
9,0.0,0.0,0.00625,0.004166666666666667,-0.0421875,-0.029166666666666667,-0.0203125,-0.03333333333333333,-0.021875,-0.0375,-0.0171875,-0.12708333333333333,-0.00625,-0.07291666666666667,-0.0109375,-0.08125,-0.0046875,-0.08125,-0.0109375,-0.11458333333333333,-0.00625,-0.10208333333333333,-0.0109375,-0.11875,-0.0078125,-0.1,-0.00625,-0.10625,0.003125,-0.11875,-0.0015625,-0.13958333333333334
9,0.0,0.0,0.021875,-0.004166666666666667,0.0203125,-0.008333333333333333,0.025,-0.09791666666666667,0.0359375,-0.04375,0.03125,-0.052083333333333336,0.0375,-0.052083333333333336,0.03125,-0.08541666666666667,0.0359375,-0.07291666666666667,0.03125,-0.08958333333333333,0.034375,-0.07083333333333333,0.0359375,-0.07708333333333334,0.0453125,-0.08958333333333333,0.040625,-0.11041666666666666,0.0453125,-0.1,0.0484375,-0.11041666666666666
9,0.0,0.0,0.0046875,-0.08958333333333333,0.015625,-0.035416666666666666,0.0109375,-0.04375,0.0171875,-0.04375,0.0109375,-0.07708333333333334,0.015625,-0.06458333333333334,0.0109375,-0.08125,0.0140625,-0.0625,0.015625,-0.06875,0.025,-0.08125,0.0203125,-0.10208333333333333,0.025,-0.09166666666666666,0.028125,-0.10208333333333333,0.0265625,-0.11666666666666667,0.025,-0.11041666666666666
9,0.0,0.0,-0.00625,-0.03333333333333333,-0.0015625,-0.020833333333333332,-0.00625,-0.0375,-0.003125,-0.01875,-0.0015625,-0.025,0.0078125,-0.0375,0.003125,-0.058333333333333334,0.0078125,-0.04791666666666667,0.0109375,-0.058333333333333334,0.009375,-0.07291666666666667,0.0078125,-0.06666666666666667,0.0125,-0.06875,0.01875,-0.05416666666666667,0.0203125,-0.06041666666666667,0.0234375,-0.05625
9,0.0,0.0,-0.0046875,-0.016666666666666666,-0.0015625,0.0020833333333333333,0.0,-0.004166666666666667,0.009375,-0.016666666666666666,0.0046875,-0.0375,0.009375,-0.027083333333333334,0.0125,-0.0375,0.0109375,-0.052083333333333336,0.009375,-0.04583333333333333,0.0140625,-0.04791666666666667,0.0203125,-0.03333333333333333,0.021875,-0.03958333333333333,0.025,-0.035416666666666666,0.0265625,-0.03958333333333333,0.028125,-0.041666666666666664
9,0.0,0.0,0.0015625,-0.00625,0.0109375,-0.01875,0.00625,-0.03958333333333333,0.0109375,-0.029166666666666667,0.0140625,-0.03958333333333333,0.0125,-0.05416666666666667,0.0109375,-0.04791666666666667,0.015625,-0.05,0.021875,-0.035416666666666666,0.0234375,-0.041666666666666664,0.0265625,-0.0375,0.028125,-0.041666666666666664,0.0296875,-0.04375,0.028125,-0.041666666666666664,0.0203125,-0.05
9,0.0,0.0,0.009375,-0.0125,0.0046875,-0.03333333333333333,0.009375,-0.022916666666666665,0.0125,-0.03333333333333333,0.0109375,-0.04791666666666667,0.009375,-0.041666666666666664,0.0140625,-0.04375,0.0203125,-0.029166666666666667,0.021875,-0.035416666666666666,0.025,-0.03125,0.0265625,-0.035416666666666666,0.028125,-0.0375,0.0265625,-0.035416666666666666,0.01875,-0.04375,0.0015625,-0.06875
9,0.0,0.0,-0.0015625,-0.014583333333333334,-0.003125,-0.008333333333333333,0.0015625,-0.010416666666666666,0.0078125,0.004166666666666667,0.009375,-0.0020833333333333333,0.0125,0.0020833333333333333,0.0140625,-0.0020833333333333333,0.015625,-0.004166666666666667,0.0140625,-0.0020833333333333333,0.00625,-0.010416666666666666,-0.0109375,-0.035416666666666666,-0.021875,-0.029166666666666667,-0.0203125,-0.004166666666666667,-0.01875,0.020833333333333332,-0.0265625,0.016666666666666666
9,0.0,0.0,0.00625,0.014583333333333334,0.0078125,0.008333333333333333,0.0109375,0.0125,0.0125,0.008333333333333333,0.0140625,0.00625,0.0125,0.008333333333333333,0.0046875,0.0,-0.0125,-0.025,-0.0234375,-0.01875,-0.021875,0.00625,-0.0203125,0.03125,-0.028125,0.027083333333333334,-0.025,0.058333333333333334,-0.0203125,0.07708333333333334,-0.025,0.06458333333333334
9,0.0,0.0,0.0015625,-0.004166666666666667,0.003125,-0.00625,0.0015625,-0.004166666666666667,-0.00625,-0.0125,-0.0234375,-0.0375,-0.034375,-0.03125,-0.0328125,-0.00625,-0.03125,0.01875,-0.0390625,0.014583333333333334,-0.0359375,0.04583333333333333,-0.03125,0.06458333333333334,-0.0359375,0.052083333333333336,-0.040625,0.05416666666666667,-0.0453125,0.03958333333333333,-0.0484375,0.04791666666666667
9,0.0,0.0,-0.0171875,-0.025,-0.028125,-0.01875,-0.0265625,0.00625,-0.025,0.03125,-0.0328125,0.027083333333333334,-0.0296875,0.058333333333333334,-0.025,0.07708333333333334,-0.0296875,0.06458333333333334,-0.034375,0.06666666666666667,-0.0390625,0.052083333333333336,-0.0421875,0.06041666666666667,-0.05,0.04791666666666667,-0.05,0.05416666666666667,-0.046875,0.06041666666666667,-0.04375,0.07291666666666667
9,0.0,0.0,-0.0078125,-0.004166666666666667,-0.0046875,0.027083333333333334,0.0,0.04583333333333333,-0.0046875,0.03333333333333333,-0.009375,0.035416666666666666,-0.0140625,0.020833333333333332,-0.0171875,0.029166666666666667,-0.025,0.016666666666666666,-0.025,0.022916666666666665,-0.021875,0.029166666666666667,-0.01875,0.041666666666666664,-0.01875,0.05,-0.01875,0.0625,-0.01875,0.0625,-0.0203125,0.075
9,0.0,0.0,-0.0046875,0.0020833333333333333,-0.009375,-0.0125,-0.0125,-0.004166666666666667,-0.0203125,-0.016666666666666666,-0.0203125,-0.010416666666666666,-0.0171875,-0.004166666666666667,-0.0140625,0.008333333333333333,-0.0140625,0.016666666666666666,-0.0140625,0.029166666666666667,-0.0140625,0.029166666666666667,-0.015625,0.041666666666666664,-0.015625,0.05416666666666667,-0.0203125,0.04375,-0.0171875,0.05416666666666667,-0.0171875,0.05
9,0.0,0.0,-0.003125,0.008333333333333333,-0.0109375,-0.004166666666666667,-0.0109375,0.0020833333333333333,-0.0078125,0.008333333333333333,-0.0046875,0.020833333333333332,-0.0046875,0.029166666666666667,-0.0046875,0.041666666666666664,-0.0046875,0.041666666666666664,-0.00625,0.05416666666666667,-0.00625,0.06666666666666667,-0.0109375,0.05625,-0.0078125,0.06666666666666667,-0.0078125,0.0625,-0.0078125,0.07291666666666667,-0.0140625,0.08541666666666667
9,0.0,0.0,0.003125,0.00625,0.00625,0.01875,0.00625,0.027083333333333334,0.00625,0.03958333333333333,0.00625,0.03958333333333333,0.0046875,0.052083333333333336,0.0046875,0.06458333333333334,0.0,0.05416666666666667,0.003125,0.06458333333333334,0.003125,0.06041666666666667,0.003125,0.07083333333333333,-0.003125,0.08333333333333333,-0.00625,0.08125,-0.0046875,0.08125,0.0,0.08958333333333333
9,0.0,0.0,0.0,0.0125,0.0,0.0125,-0.0015625,0.025,-0.0015625,0.0375,-0.00625,0.027083333333333334,-0.003125,0.0375,-0.003125,0.03333333333333333,-0.003125,0.04375,-0.009375,0.05625,-0.0125,0.05416666666666667,-0.0109375,0.05416666666666667,-0.00625,0.0625,-0.0125,0.07083333333333333,-0.009375,0.075,-0.0109375,0.06458333333333334
9,0.0,0.0,0.0,0.0125,-0.0046875,0.0020833333333333333,-0.0015625,0.0125,-0.0015625,0.008333333333333333,-0.0015625,0.01875,-0.0078125,0.03125,-0.0109375,0.029166666666666667,-0.009375,0.029166666666666667,-0.0046875,0.0375,-0.0109375,0.04583333333333333,-0.0078125,0.05,-0.009375,0.03958333333333333,0.0,0.06458333333333334,-0.009375,0.06041666666666667,-0.0109375,0.06666666666666667
9,0.0,0.0,0.003125,0.010416666666666666,0.003125,0.00625,0.003125,0.016666666666666666,-0.003125,0.029166666666666667,-0.00625,0.027083333333333334,-0.0046875,0.027083333333333334,0.0,0.035416666666666666,-0.00625,0.04375,-0.003125,0.04791666666666667,-0.0046875,0.0375,0.0046875,0.0625,-0.0046875,0.058333333333333334,-0.00625,0.06458333333333334,-0.015625,0.06041666666666667,-0.009375,0.07083333333333333
9,0.0,0.0,0.0,0.010416666666666666,-0.00625,0.022916666666666665,-0.009375,0.020833333333333332,-0.0078125,0.020833333333333332,-0.003125,0.029166666666666667,-0.009375,0.0375,-0.00625,0.041666666666666664,-0.0078125,0.03125,0.0015625,0.05625,-0.0078125,0.052083333333333336,-0.009375,0.058333333333333334,-0.01875,0.05416666666666667,-0.0125,0.06458333333333334,-0.00625,0.08333333333333333,-0.025,0.08125
9,0.0,0.0,0.0015625,0.0,0.00625,0.008333333333333333,0.0,0.016666666666666666,0.003125,0.020833333333333332,0.0015625,0.010416666666666666,0.0109375,0.035416666666666666,0.0015625,0.03125,0.0,0.0375,-0.009375,0.03333333333333333,-0.003125,0.04375,0.003125,0.0625,-0.015625,0.06041666666666667,-0.0140625,0.035416666666666666,-0.028125,0.04375,-0.0390625,0.0375
9,0.0,0.0,-0.00625,0.008333333333333333,-0.003125,0.0125,-0.0046875,0.0020833333333333333,0.0046875,0.027083333333333334,-0.0046875,0.022916666666666665,-0.00625,0.029166666666666667,-0.015625,0.025,-0.009375,0.035416666666666666,-0.003125,0.05416666666666667,-0.021875,0.052083333333333336,-0.0203125,0.027083333333333334,-0.034375,0.035416666666666666,-0.0453125,0.029166666666666667,-0.0328125,0.025,-0.040625,0.03333333333333333
9,0.0,0.0,0.009375,0.025,0.0,0.020833333333333332,-0.0015625,0.027083333333333334,-0.0109375,0.022916666666666665,-0.0046875,0.03333333333333333,0.0015625,0.052083333333333336,-0.0171875,0.05,-0.015625,0.025,-0.0296875,0.03333333333333333,-0.040625,0.027083333333333334,-0.028125,0.022916666666666665,-0.0359375,0.03125,-0.034375,0.020833333333333332,-0.0390625,0.027083333333333334,-0.0390625,0.008333333333333333
9,0.0,0.0,-0.0015625,0.00625,-0.0109375,0.0020833333333333333,-0.0046875,0.0125,0.0015625,0.03125,-0.0171875,0.029166666666666667,-0.015625,0.004166666666666667,-0.0296875,0.0125,-0.040625,0.00625,-0.028125,0.0020833333333333333,-0.0359375,0.010416666666666666,-0.034375,0.0,-0.0390625,0.00625,-0.0390625,-0.0125,-0.0421875,-0.027083333333333334,-0.0515625,-0.03958333333333333
9,0.0,0.0,0.00625,0.010416666666666666,0.0125,0.029166666666666667,-0.00625,0.027083333333333334,-0.0046875,0.0020833333333333333,-0.01875,0.010416666666666666,-0.0296875,0.004166666666666667,-0.0171875,0.0,-0.025,0.008333333333333333,-0.0234375,-0.0020833333333333333,-0.028125,0.004166666666666667,-0.028125,-0.014583333333333334,-0.03125,-0.029166666666666667,-0.040625,-0.041666666666666664,-0.0421875,-0.04583333333333333,-0.0328125,-0.0375
9,0.0,0.0,0.0015625,-0.025,-0.0125,-0.016666666666666666,-0.0234375,-0.022916666666666665,-0.0109375,-0.027083333333333334,-0.01875,-0.01875,-0.0171875,-0.029166666666666667,-0.021875,-0.022916666666666665,-0.021875,-0.041666666666666664,-0.025,-0.05625,-0.034375,-0.06875,-0.0359375,-0.07291666666666667,-0.0265625,-0.06458333333333334,-0.015625,-0.06875,-0.0171875,-0.06875,0.00625,-0.04583333333333333
9,0.0,0.0,-0.0140625,0.008333333333333333,-0.025,0.0020833333333333333,-0.0125,-0.0020833333333333333,-0.0203125,0.00625,-0.01875,-0.004166666666666667,-0.0234375,0.0020833333333333333,-0.0234375,-0.016666666666666666,-0.0265625,-0.03125,-0.0359375,-0.04375,-0.0375,-0.04791666666666667,-0.028125,-0.03958333333333333,-0.0171875,-0.04375,-0.01875,-0.04375,0.0046875,-0.020833333333333332,0.0171875,-0.020833333333333332
9,0.0,0.0,0.0015625,-0.010416666666666666,-0.003125,-0.004166666666666667,-0.003125,-0.022916666666666665,-0.00625,-0.0375,-0.015625,-0.05,-0.0171875,-0.05416666666666667,-0.0078125,-0.04583333333333333,0.003125,-0.05,0.0015625,-0.05,0.025,-0.027083333333333334,0.0375,-0.027083333333333334,0.0515625,-0.03125,0.0578125,-0.03333333333333333,0.05625,-0.020833333333333332,0.0546875,-0.010416666666666666
9,0.0,0.0,-0.003125,-0.014583333333333334,-0.0125,-0.027083333333333334,-0.0140625,-0.03125,-0.0046875,-0.022916666666666665,0.00625,-0.027083333333333334,0.0046875,-0.027083333333333334,0.028125,-0.004166666666666667,0.040625,-0.004166666666666667,0.0546875,-0.008333333333333333,0.0609375,-0.010416666666666666,0.059375,0.0020833333333333333,0.0578125,0.0125,0.065625,0.0,0.0640625,0.010416666666666666,0.0625,0.041666666666666664
9,0.0,0.0,-0.009375,-0.0125,-0.0109375,-0.016666666666666666,-0.0015625,-0.008333333333333333,0.009375,-0.0125,0.0078125,-0.0125,0.03125,0.010416666666666666,0.04375,0.010416666666666666,0.0578125,0.00625,0.0640625,0.004166666666666667,0.0625,0.016666666666666666,0.0609375,0.027083333333333334,0.06875,0.014583333333333334,0.0671875,0.025,0.065625,0.05625,0.078125,0.0125
9,0.0,0.0,0.0109375,-0.004166666666666667,0.009375,-0.004166666666666667,0.0328125,0.01875,0.0453125,0.01875,0.059375,0.014583333333333334,0.065625,0.0125,0.0640625,0.025,0.0625,0.035416666666666666,0.0703125,0.022916666666666665,0.06875,0.03333333333333333,0.0671875,0.06458333333333334,0.0796875,0.020833333333333332,0.0765625,0.06875,0.115625,0.05416666666666667,0.0734375,0.008333333333333333
9,0.0,0.0,0.0140625,-0.004166666666666667,0.0203125,-0.00625,0.01875,0.00625,0.0171875,0.016666666666666666,0.025,0.004166666666666667,0.0234375,0.014583333333333334,0.021875,0.04583333333333333,0.034375,0.0020833333333333333,0.03125,0.05,0.0703125,0.035416666666666666,0.028125,-0.010416666666666666,0.025,-0.01875,0.0265625,-0.016666666666666666,0.028125,-0.0125,0.0234375,-0.025
9,0.0,0.0,-0.0015625,0.010416666666666666,0.00625,-0.0020833333333333333,0.0046875,0.008333333333333333,0.003125,0.03958333333333333,0.015625,-0.004166666666666667,0.0125,0.04375,0.0515625,0.029166666666666667,0.009375,-0.016666666666666666,0.00625,-0.025,0.0078125,-0.022916666666666665,0.009375,-0.01875,0.0046875,-0.03125,0.0,-0.025,-0.003125,-0.025,-0.0046875,-0.029166666666666667
9,0.0,0.0,-0.0015625,0.010416666666666666,-0.003125,0.041666666666666664,0.009375,-0.0020833333333333333,0.00625,0.04583333333333333,0.0453125,0.03125,0.003125,-0.014583333333333334,0.0,-0.022916666666666665,0.0015625,-0.020833333333333332,0.003125,-0.016666666666666666,-0.0015625,-0.029166666666666667,-0.00625,-0.022916666666666665,-0.009375,-0.022916666666666665,-0.0109375,-0.027083333333333334,-0.009375,-0.01875,-0.0109375,-0.04791666666666667
9,0.0,0.0,-0.003125,0.04791666666666667,0.0359375,0.03333333333333333,-0.00625,-0.0125,-0.009375,-0.020833333333333332,-0.0078125,-0.01875,-0.00625,-0.014583333333333334,-0.0109375,-0.027083333333333334,-0.015625,-0.020833333333333332,-0.01875,-0.020833333333333332,-0.0203125,-0.025,-0.01875,-0.016666666666666666,-0.0203125,-0.04583333333333333,-0.021875,-0.06458333333333334,-0.0265625,-0.075,-0.021875,-0.09791666666666667
9,0.0,0.0,-0.0421875,-0.04583333333333333,-0.0453125,-0.05416666666666667,-0.04375,-0.052083333333333336,-0.0421875,-0.04791666666666667,-0.046875,-0.06041666666666667,-0.0515625,-0.05416666666666667,-0.0546875,-0.05416666666666667,-0.05625,-0.058333333333333334,-0.0546875,-0.05,-0.05625,-0.07916666666666666,-0.0578125,-0.09791666666666667,-0.0625,-0.10833333333333334,-0.0578125,-0.13125,-0.059375,-0.11041666666666666,-0.0578125,-0.11458333333333333
9,0.0,0.0,0.0015625,0.004166666666666667,-0.003125,-0.008333333333333333,-0.0078125,-0.0020833333333333333,-0.0109375,-0.0020833333333333333,-0.0125,-0.00625,-0.0109375,0.0020833333333333333,-0.0125,-0.027083333333333334,-0.0140625,-0.04583333333333333,-0.01875,-0.05625,-0.0140625,-0.07916666666666666,-0.015625,-0.058333333333333334,-0.0140625,-0.0625,-0.015625,-0.08125,-0.015625,-0.075,-0.0171875,-0.09166666666666666
9,0.0,0.0,-0.0046875,0.00625,-0.0078125,0.00625,-0.009375,0.0020833333333333333,-0.0078125,0.010416666666666666,-0.009375,-0.01875,-0.0109375,-0.0375,-0.015625,-0.04791666666666667,-0.0109375,-0.07083333333333333,-0.0125,-0.05,-0.0109375,-0.05416666666666667,-0.0125,-0.07291666666666667,-0.0125,-0.06666666666666667,-0.0140625,-0.08333333333333333,-0.0203125,-0.09791666666666667,-0.009375,-0.09166666666666666
9,0.0,0.0,0.0015625,0.008333333333333333,0.0,-0.020833333333333332,-0.0015625,-0.03958333333333333,-0.00625,-0.05,-0.0015625,-0.07291666666666667,-0.003125,-0.052083333333333336,-0.0015625,-0.05625,-0.003125,-0.075,-0.003125,-0.06875,-0.0046875,-0.08541666666666667,-0.0109375,-0.1,0.0,-0.09375,0.0046875,-0.08958333333333333,0.003125,-0.07916666666666666,0.0078125,-0.08958333333333333
9,0.0,0.0,-0.0015625,-0.01875,-0.00625,-0.029166666666666667,-0.0015625,-0.052083333333333336,-0.003125,-0.03125,-0.0015625,-0.035416666666666666,-0.003125,-0.05416666666666667,-0.003125,-0.04791666666666667,-0.0046875,-0.06458333333333334,-0.0109375,-0.07916666666666666,0.0,-0.07291666666666667,0.0046875,-0.06875,0.003125,-0.058333333333333334,0.0078125,-0.06875,0.0046875,-0.07916666666666666,0.0109375,-0.09583333333333334
9,0.0,0.0,0.0015625,-0.004166666666666667,0.0,-0.022916666666666665,0.0,-0.016666666666666666,-0.0015625,-0.03333333333333333,-0.0078125,-0.04791666666666667,0.003125,-0.041666666666666664,0.0078125,-0.0375,0.00625,-0.027083333333333334,0.0109375,-0.0375,0.0078125,-0.04791666666666667,0.0140625,-0.06458333333333334,0.0140625,-0.052083333333333336,0.0125,-0.06041666666666667,0.01875,-0.06666666666666667,0.0265625,-0.04375
9,0.0,0.0,-0.0015625,-0.016666666666666666,-0.0078125,-0.03125,0.003125,-0.025,0.0078125,-0.020833333333333332,0.00625,-0.010416666666666666,0.0109375,-0.020833333333333332,0.0078125,-0.03125,0.0140625,-0.04791666666666667,0.0140625,-0.035416666666666666,0.0125,-0.04375,0.01875,-0.05,0.0265625,-0.027083333333333334,0.0265625,-0.035416666666666666,0.03125,-0.029166666666666667,0.025,-0.03125
9,0.0,0.0,0.0109375,0.00625,0.015625,0.010416666666666666,0.0140625,0.020833333333333332,0.01875,0.010416666666666666,0.015625,0.0,0.021875,-0.016666666666666666,0.021875,-0.004166666666666667,0.0203125,-0.0125,0.0265625,-0.01875,0.034375,0.004166666666666667,0.034375,-0.004166666666666667,0.0390625,0.0020833333333333333,0.0328125,0.0,0.0328125,0.0020833333333333333,0.0375,0.014583333333333334
9,0.0,0.0,-0.0015625,0.010416666666666666,0.003125,0.0,0.0,-0.010416666666666666,0.00625,-0.027083333333333334,0.00625,-0.014583333333333334,0.0046875,-0.022916666666666665,0.0109375,-0.029166666666666667,0.01875,-0.00625,0.01875,-0.014583333333333334,0.0234375,-0.008333333333333333,0.0171875,-0.010416666666666666,0.0171875,-0.008333333333333333,0.021875,0.004166666666666667,0.025,0.0,0.025,0.0
9,0.0,0.0,0.0046875,-0.010416666666666666,0.0015625,-0.020833333333333332,0.0078125,-0.0375,0.0078125,-0.025,0.00625,-0.03333333333333333,0.0125,-0.03958333333333333,0.0203125,-0.016666666666666666,0.0203125,-0.025,0.025,-0.01875,0.01875,-0.020833333333333332,0.01875,-0.01875,0.0234375,-0.00625,0.0265625,-0.010416666666666666,0.0265625,-0.010416666666666666,0.0296875,-0.008333333333333333
9,0.0,0.0,0.00625,-0.016666666666666666,0.00625,-0.004166666666666667,0.0046875,-0.0125,0.0109375,-0.01875,0.01875,0.004166666666666667,0.01875,-0.004166666666666667,0.0234375,0.0020833333333333333,0.0171875,0.0,0.0171875,0.0020833333333333333,0.021875,0.014583333333333334,0.025,0.010416666666666666,0.025,0.010416666666666666,0.028125,0.0125,0.028125,0.025,0.0328125,0.027083333333333334
